{"lr-SGD": 0.0005, "trainer/global_step": 10799, "_timestamp": 1682269712, "_runtime": 139, "_step": 444, "train_loss": 0.21459558606147766, "train_acc": 0.921875, "epoch": 13, "val_loss": 0.2765825390815735, "val_acc": 0.9060025215148926, "val_auc": 0.9581155588651571, "_wandb": {"runtime": 137}}