{"lr-SGD": 0.0005, "trainer/global_step": 99, "_timestamp": 1682269754, "_runtime": 11, "_step": 3, "train_loss": 0.687412440776825, "train_acc": 0.53515625, "epoch": 0, "_wandb": {"runtime": 10}}