{"lr-SGD": 0.0005, "trainer/global_step": 35189, "_timestamp": 1682270499, "_runtime": 433, "_step": 1450, "train_loss": 0.15770739316940308, "train_acc": 0.95703125, "epoch": 44, "val_loss": 0.2578384578227997, "val_acc": 0.9280311465263367, "val_auc": 0.9688563401837041, "_wandb": {"runtime": 431}}